{"episode_rewards": [-395.5303326038888, -200.29037453346086, -246.59093515159358, 85.11205341926262, -323.35298316739556, -587.1939653021527, -398.10503111985156, -288.3194027959661], "initial_reset_timestamp": 1572733197.9179378, "episode_lengths": [77, 117, 95, 180, 110, 166, 85, 103], "episode_types": ["t", "t", "t", "t", "t", "t", "t", "t", "t"], "timestamps": [1572733201.0758665, 1572733205.0460143, 1572733205.1431696, 1572733205.214445, 1572733205.2546294, 1572733205.317289, 1572733205.3447397, 1572733205.3804579]}