{"episode_lengths": [77, 117, 95, 180, 110, 166, 85, 103], "episode_rewards": [-395.5303326038888, -200.29037453346086, -246.59093515159358, 85.11205341926262, -323.35298316739556, -587.1939653021527, -398.10503111985156, -288.3194027959661], "episode_types": ["t", "t", "t", "t", "t", "t", "t", "t", "t"], "initial_reset_timestamp": 1572732550.2570457, "timestamps": [1572732553.4352763, 1572732557.422409, 1572732557.5166867, 1572732557.5868716, 1572732557.626748, 1572732557.688214, 1572732557.7155917, 1572732557.7513332]}